Batch,RMSE
1,2.634817600250244
2,2.1384706497192383
3,2.072528123855591
4,2.0806353092193604
5,1.8327782154083252
6,1.460329532623291
7,0.9407548308372498
8,0.47665926814079285
9,0.5938300490379333
10,1.1292473077774048
11,1.730370283126831
12,1.9026262760162354
13,2.0540354251861572
14,1.9159338474273682
15,1.652740716934204
16,1.2188904285430908
17,0.6762182712554932
18,0.24463360011577606
19,0.7127219438552856
20,1.2514277696609497
21,1.7332671880722046
22,1.8936043977737427
23,1.8804688453674316
24,1.7003618478775024
25,1.379233479499817
26,0.9539831280708313
27,0.5086703896522522
28,0.4915151298046112
29,0.9993888139724731
30,1.4504948854446411
31,1.562098741531372
32,1.6592899560928345
33,1.5462576150894165
34,1.3134008646011353
35,1.005752682685852
36,0.7488105297088623
37,0.6028119921684265
38,0.8272297382354736
39,1.1656371355056763
40,1.44569730758667
41,1.5403025150299072
42,1.5578575134277344
43,1.4702765941619873
44,1.4249329566955566
45,1.1626487970352173
46,1.013259768486023
47,0.7035773396492004
48,0.8257024884223938
49,0.9859592914581299
50,1.1871070861816406
51,1.1259301900863647
52,1.0954340696334839
53,1.0591504573822021
54,1.009786605834961
55,1.0606579780578613
56,1.1979384422302246
57,1.3685673475265503
58,1.5330853462219238
59,1.5994834899902344
60,1.5327785015106201
61,1.2236882448196411
62,1.127629280090332
63,1.0881009101867676
64,0.9427207708358765
65,0.7632948756217957
66,0.6675317883491516
67,0.6344589591026306
68,0.7017074823379517
69,0.7400742173194885
70,0.7339794039726257
71,1.143352746963501
72,1.9653468132019043
73,2.8008415699005127
74,3.564667224884033
75,4.233819484710693
76,4.797723770141602
77,5.2166666984558105
78,5.423665523529053
79,5.330411434173584
80,4.851859092712402
81,2.451920747756958
82,1.5819281339645386
83,1.0283128023147583
84,0.7457720041275024
85,0.5566306710243225
86,0.5327181816101074
87,0.6091774702072144
88,0.6759805679321289
89,0.736025869846344
90,0.7085975408554077
91,0.6856251955032349
92,0.5781477093696594
93,0.5473513007164001
94,0.5047324299812317
95,0.5306081771850586
96,0.5017861127853394
97,0.41726046800613403
98,0.41393741965293884
99,0.4376940131187439
100,0.4323567748069763
101,0.38152337074279785
102,0.36280375719070435
103,0.3123863935470581
104,0.3259516954421997
105,0.2694915235042572
106,0.3061128556728363
107,0.31110602617263794
108,0.3898059129714966
109,0.4676626920700073
110,0.4475695788860321
111,0.6040620803833008
112,0.5887193083763123
113,0.591646671295166
114,0.4319167733192444
115,0.43788278102874756
116,0.38292163610458374
117,0.2754956781864166
118,0.3083331882953644
119,0.366955041885376
120,0.4065319299697876
121,0.31624114513397217
122,0.3408026695251465
123,0.33938369154930115
124,0.34487053751945496
125,0.3100133538246155
126,0.3102182447910309
127,0.1771613359451294
128,0.3166882395744324
129,0.3444159924983978
130,0.5156999230384827
131,0.5880362391471863
132,0.634658932685852
133,0.6421396136283875
134,0.646238386631012
135,0.635606050491333
136,0.6080083250999451
137,0.5115047097206116
138,0.4734116494655609
139,0.4450932443141937
140,0.4230620861053467
141,0.36135751008987427
142,0.42140868306159973
143,0.3998127281665802
144,0.4368739724159241
145,0.3749753534793854
146,0.4168129861354828
147,0.33831626176834106
148,0.46027737855911255
149,0.4929872453212738
150,0.593805193901062
151,0.5419389605522156
152,0.6635929346084595
153,0.5022297501564026
154,0.5471500158309937
155,0.4125601053237915
156,0.4278774857521057
157,0.2894001007080078
158,0.26804015040397644
159,0.18142077326774597
160,0.1901535838842392
161,0.31467869877815247
162,0.39907974004745483
163,0.4109501242637634
164,0.3989448845386505
165,0.35782763361930847
166,0.3560691773891449
167,0.31950387358665466
168,0.331015020608902
169,0.37588050961494446
170,0.4766559600830078
171,0.6044657230377197
172,0.5529366731643677
173,0.5685184597969055
174,0.46873942017555237
175,0.49532759189605713
176,0.47498270869255066
177,0.431972473859787
178,0.35115543007850647
179,0.24680787324905396
180,0.3048206865787506
181,0.3575739860534668
182,0.36119094491004944
183,0.3296917974948883
184,0.33364689350128174
185,0.3860364556312561
186,0.4883429706096649
187,0.514285683631897
188,0.5543933510780334
189,0.5882136225700378
190,0.6352693438529968
191,0.6617511510848999
192,0.64390629529953
193,0.5979934930801392
194,0.5297440886497498
195,0.4822152853012085
196,0.4606912136077881
197,0.41871458292007446
198,0.36910608410835266
199,0.3209671676158905
200,0.31773632764816284
201,0.34263336658477783
202,0.3588509261608124
203,0.3544943630695343
204,0.38138535618782043
205,0.4254043400287628
206,0.490499883890152
207,0.5917163491249084
208,0.6383617520332336
209,0.7016538977622986
210,0.704656720161438
211,0.825465977191925
212,0.8320081830024719
213,0.8142831325531006
214,0.7322803139686584
215,0.657360851764679
216,0.5831761360168457
217,0.468376100063324
218,0.44703584909439087
219,0.48192256689071655
220,0.519616961479187
221,0.43343275785446167
222,0.3659912645816803
223,0.3446612060070038
224,0.40466782450675964
225,0.5068507194519043
226,0.46830737590789795
227,0.5393742918968201
228,0.5520315766334534
229,0.5813927054405212
230,0.5781499743461609
231,0.6679419279098511
232,0.6854322552680969
233,0.6804888844490051
234,0.5812769532203674
235,0.5194945335388184
236,0.4781022071838379
237,0.3995620310306549
238,0.361035019159317
239,0.3130704164505005
240,0.33258944749832153
241,0.3662325143814087
242,0.37764763832092285
243,0.3949456810951233
244,0.530938446521759
245,0.6594464778900146
246,0.7775768637657166
247,0.791744589805603
248,0.7837038636207581
249,0.7363321185112
250,0.6893329620361328
251,0.7490346431732178
252,0.7526309490203857
253,0.7242078185081482
254,0.6454102993011475
255,0.5784291625022888
256,0.5442891120910645
257,0.4742557406425476
258,0.40163037180900574
259,0.3856060206890106
260,0.4467863142490387
261,0.3448265492916107
262,0.34768614172935486
263,0.30223965644836426
264,0.40726572275161743
265,0.40253978967666626
266,0.45378991961479187
267,0.5144853591918945
268,0.5601931810379028
269,0.5682581067085266
270,0.551617443561554
271,0.5143706798553467
272,0.5231387615203857
273,0.46035152673721313
274,0.40628543496131897
275,0.3744950294494629
276,0.38460788130760193
277,0.35663720965385437
278,0.3145114779472351
279,0.30032894015312195
280,0.3551275134086609
281,0.3289395570755005
282,0.2984544634819031
283,0.3152235448360443
284,0.3690958619117737
285,0.43668830394744873
286,0.43655937910079956
287,0.5063628554344177
288,0.510208249092102
289,0.5795050859451294
290,0.5923142433166504
291,0.4780890941619873
292,0.4658343195915222
293,0.4200108051300049
294,0.366554319858551
295,0.38974711298942566
296,0.36777186393737793
297,0.38910359144210815
298,0.33787617087364197
299,0.2693563997745514
300,0.19435840845108032
301,0.2737358510494232
302,0.30406609177589417
303,0.3260922431945801
304,0.37777093052864075
305,0.40984055399894714
306,0.46741482615470886
307,0.556887149810791
308,0.5312343835830688
309,0.5396766066551208
310,0.45671355724334717
311,0.4110732674598694
312,0.39933204650878906
313,0.32116052508354187
314,0.2761090397834778
315,0.23202617466449738
316,0.27895715832710266
317,0.23454491794109344
318,0.2658732235431671
319,0.29884281754493713
320,0.34088701009750366
321,0.2729131281375885
322,0.2838977575302124
323,0.30565494298934937
324,0.29689639806747437
325,0.24678537249565125
326,0.24535995721817017
327,0.29209810495376587
328,0.3515379726886749
329,0.4014054834842682
330,0.45428383350372314
331,0.514375627040863
332,0.4359196424484253
333,0.2873477637767792
334,0.21954278647899628
335,0.24510838091373444
336,0.18617230653762817
337,0.20742447674274445
338,0.16694672405719757
339,0.16399545967578888
340,0.19488121569156647
341,0.216880664229393
342,0.2592281401157379
343,0.23314262926578522
344,0.2923045754432678
345,0.25703057646751404
346,0.19334933161735535
347,0.23904773592948914
348,0.21626834571361542
349,0.30366042256355286
350,0.26027190685272217
351,0.42908310890197754
352,0.4617288410663605
353,0.35296058654785156
354,0.29374462366104126
355,0.27431410551071167
356,0.2794879972934723
357,0.2825239896774292
358,0.2721022367477417
359,0.2829442620277405
360,0.2694610357284546
361,0.18321402370929718
362,0.2134672850370407
363,0.25698110461235046
364,0.18338562548160553
365,0.22576013207435608
366,0.22282017767429352
367,0.1903511881828308
368,0.24495767056941986
369,0.2306751012802124
370,0.31303369998931885
371,0.33287015557289124
372,0.30256253480911255
373,0.2811042070388794
374,0.29030489921569824
375,0.2811424732208252
376,0.29235514998435974
377,0.28349319100379944
378,0.2434193640947342
379,0.21885071694850922
380,0.22197598218917847
381,0.2511886656284332
382,0.27551960945129395
383,0.3058849275112152
384,0.29169806838035583
385,0.288115918636322
386,0.27302664518356323
387,0.26517704129219055
388,0.27971380949020386
389,0.31514206528663635
390,0.40102410316467285
391,0.4525895118713379
392,0.3605300188064575
393,0.28148025274276733
394,0.23438884317874908
395,0.23544026911258698
396,0.2328568547964096
397,0.22500929236412048
398,0.24556124210357666
399,0.33765465021133423
400,0.40281957387924194
401,0.34211209416389465
402,0.2893579304218292
403,0.2652687132358551
404,0.252726674079895
405,0.29782935976982117
406,0.27217257022857666
407,0.34819039702415466
408,0.3893568813800812
409,0.4112524390220642
410,0.4397202730178833
411,0.518936812877655
412,0.48131415247917175
413,0.41364482045173645
414,0.29388004541397095
415,0.29267045855522156
416,0.2771456241607666
417,0.27147603034973145
418,0.22355733811855316
419,0.2102973312139511
420,0.20196326076984406
421,0.3979443907737732
422,0.33144864439964294
423,0.24256384372711182
424,0.21315202116966248
425,0.25886887311935425
426,0.34702786803245544
427,0.402018278837204
428,0.4523247480392456
429,0.45680493116378784
430,0.4981400668621063
431,0.4754950702190399
432,0.3181547224521637
433,0.2592235803604126
434,0.2967301309108734
435,0.3142181932926178
436,0.3036939203739166
437,0.2906147539615631
438,0.26339447498321533
439,0.20272764563560486
440,0.1870051473379135
441,0.28274884819984436
442,0.2563420534133911
443,0.26366570591926575
444,0.24767035245895386
445,0.2510693371295929
446,0.27071452140808105
447,0.2505888342857361
448,0.3547508418560028
449,0.3803846836090088
450,0.5633757710456848
451,2.189244508743286
452,1.7179033756256104
453,1.6820694208145142
454,1.7089052200317383
455,1.400254726409912
456,1.258701205253601
457,1.083107352256775
458,0.8969552516937256
459,0.6753178238868713
460,0.6541370749473572
461,0.6350225806236267
462,0.6514866352081299
463,0.5863165855407715
464,0.633853554725647
465,0.6936970353126526
466,1.191962718963623
467,1.4887855052947998
468,1.9943393468856812
469,2.342116594314575
470,2.5742499828338623
471,1.6669912338256836
472,1.4422688484191895
473,1.321575403213501
474,1.2161688804626465
475,1.199336290359497
476,1.0863724946975708
477,0.9040483832359314
478,0.7848019003868103
479,0.7228904366493225
480,0.6456032395362854
481,0.5524652004241943
482,0.42520037293434143
483,0.4238565266132355
484,0.3874542713165283
485,0.37052711844444275
486,0.400357723236084
487,0.3065539300441742
488,0.547274649143219
489,0.7204315066337585
490,0.6425091624259949
491,0.36368751525878906
492,0.35791444778442383
493,0.322223961353302
494,0.3056270480155945
495,0.2665245831012726
496,0.28648659586906433
497,0.28683462738990784
498,0.2869276702404022
499,0.2601170837879181
500,0.2416721135377884
501,0.30131611227989197
502,0.3241272270679474
503,0.28108909726142883
504,0.32497718930244446
505,0.30601078271865845
506,0.25851762294769287
507,0.24387221038341522
508,0.2432861626148224
509,0.2624506950378418
510,0.2721395492553711
511,0.2706007957458496
512,0.29455146193504333
513,0.2887154817581177
514,0.3600740432739258
515,0.3755565285682678
516,0.42906269431114197
517,0.4259698987007141
518,0.4365527629852295
519,0.43962791562080383
520,0.4597831666469574
521,0.4986673593521118
522,0.42426246404647827
523,0.46203866600990295
524,0.5140700936317444
525,0.4812529683113098
526,0.3256857991218567
527,0.2010541558265686
528,0.20703016221523285
529,0.14655685424804688
530,0.20812933146953583
531,0.21369443833827972
532,0.30623191595077515
533,0.3155421018600464
534,0.3489929735660553
535,0.348829448223114
536,0.3964282274246216
537,0.32103514671325684
538,0.38048624992370605
539,0.326840877532959
540,0.4181259572505951
541,0.44251108169555664
542,0.4694267511367798
543,0.37518760561943054
544,0.3992646336555481
545,0.3439098298549652
546,0.2715189456939697
547,0.23810094594955444
548,0.24372965097427368
549,0.20524254441261292
550,0.18698853254318237
551,0.18162748217582703
552,0.2679019570350647
553,0.3183884918689728
554,0.35771551728248596
555,0.3807939887046814
556,0.396853506565094
557,0.3583807945251465
558,0.36099502444267273
559,0.37285539507865906
560,0.4333897531032562
561,0.33282357454299927
562,0.2471623569726944
563,0.23695021867752075
564,0.24937888979911804
565,0.28073588013648987
566,0.2218739539384842
567,0.270347535610199
568,0.2101041078567505
569,0.2831055819988251
570,0.2225663810968399
571,0.2096317559480667
572,0.20712526142597198
573,0.2537834048271179
574,0.2847883701324463
575,0.3036001920700073
576,0.27010855078697205
577,0.23715390264987946
578,0.22894807159900665
579,0.23253251612186432
580,0.23280486464500427
581,0.19499340653419495
582,0.2603314518928528
583,0.230636864900589
584,0.31745821237564087
585,0.25172966718673706
586,0.25208571553230286
587,0.1863025426864624
588,0.1993144154548645
589,0.189134418964386
590,0.17161905765533447
591,0.1513967663049698
592,0.19440433382987976
593,0.21957819163799286
594,0.25452256202697754
595,0.25567296147346497
596,0.2539675831794739
597,0.23383963108062744
598,0.22448749840259552
599,0.2475791722536087
600,0.2703438997268677
601,0.20332962274551392
602,0.2044011652469635
603,0.21831825375556946
604,0.22943322360515594
605,0.1998915821313858
606,0.2072845995426178
607,0.13578324019908905
608,0.17969724535942078
609,0.12623226642608643
610,0.20082199573516846
611,0.15110278129577637
612,0.1626853495836258
613,0.14588890969753265
614,0.15728305280208588
615,0.16282489895820618
616,0.1945677548646927
617,0.166705921292305
618,0.1951700747013092
619,0.2846912443637848
620,0.3151646554470062
621,0.26535823941230774
622,0.2646125853061676
623,0.2714288830757141
624,0.26782146096229553
625,0.21134865283966064
626,0.2071935087442398
627,0.15530113875865936
628,0.16600045561790466
629,0.14338982105255127
630,0.15210917592048645
631,0.15916848182678223
632,0.1634325385093689
633,0.18723814189434052
634,0.21338964998722076
635,0.22143882513046265
636,0.20586487650871277
637,0.17688104510307312
638,0.15124596655368805
639,0.1722320169210434
640,0.17963168025016785
641,0.21218809485435486
642,0.2516363561153412
643,0.24702033400535583
644,0.2678642272949219
645,0.21796396374702454
646,0.2735430896282196
647,0.18465830385684967
648,0.22348661720752716
649,0.18518848717212677
650,0.11187861114740372
651,0.12350808084011078
652,0.1522686779499054
653,0.17697563767433167
654,0.19877007603645325
655,0.21518465876579285
656,0.20503078401088715
657,0.1869080513715744
658,0.1469554454088211
659,0.11190763115882874
660,0.0947866141796112
661,0.15944616496562958
662,0.2244255393743515
663,0.21528272330760956
664,0.1771424263715744
665,0.13848261535167694
666,0.12619754672050476
667,0.13634614646434784
668,0.15088489651679993
669,0.13242286443710327
670,0.13248398900032043
671,0.16359561681747437
672,0.16649365425109863
673,0.20188592374324799
674,0.21874842047691345
675,0.22292612493038177
676,0.18002186715602875
677,0.16678491234779358
678,0.1260666698217392
679,0.08533669263124466
680,0.10252907127141953
681,0.18408536911010742
682,0.29559820890426636
683,0.22946499288082123
684,0.26200494170188904
685,0.18402424454689026
686,0.17763373255729675
687,0.17332272231578827
688,0.1907557249069214
689,0.13338521122932434
690,0.12661275267601013
691,0.15782028436660767
692,0.1842070370912552
693,0.2055666297674179
694,0.21840961277484894
695,0.20721487700939178
696,0.16041085124015808
697,0.12323212623596191
698,0.12564463913440704
699,0.14206065237522125
700,0.16620469093322754
701,0.1840662956237793
702,0.2529328465461731
703,0.2067198008298874
704,0.15318544209003448
705,0.15313823521137238
706,0.1627029925584793
707,0.12552285194396973
708,0.16755007207393646
709,0.2269163280725479
710,0.23010221123695374
711,0.19078388810157776
712,0.18320117890834808
713,0.18622171878814697
714,0.20552796125411987
715,0.1656801402568817
716,0.13334527611732483
717,0.11128394305706024
718,0.12838691473007202
719,0.11367662996053696
720,0.14726021885871887
721,0.19924412667751312
722,0.25970718264579773
723,0.2301863133907318
724,0.17422334849834442
725,0.15373460948467255
726,0.194285050034523
727,0.14455780386924744
728,0.20798225700855255
729,0.26385176181793213
730,0.23955091834068298
731,0.18998198211193085
732,0.1465015560388565
733,0.18862180411815643
734,0.16305653750896454
735,0.22410139441490173
736,0.15841567516326904
737,0.15734556317329407
738,0.13333013653755188
739,0.131552591919899
740,0.17108432948589325
741,0.16749297082424164
742,0.1528266817331314
743,0.15554820001125336
744,0.1783583164215088
745,0.1305534690618515
746,0.14136041700839996
747,0.08396802097558975
748,0.21109309792518616
749,0.2922775447368622
750,0.2689729928970337
751,0.12926600873470306
752,0.12553347647190094
753,0.12571221590042114
754,0.1634332835674286
755,0.14567865431308746
756,0.1430807113647461
757,0.1599777787923813
758,0.13878288865089417
759,0.1393379271030426
760,0.15344078838825226
761,0.18383470177650452
762,0.2319650948047638
763,0.2066303938627243
764,0.17820213735103607
765,0.1924775391817093
766,0.16149182617664337
767,0.18501920998096466
768,0.20281212031841278
769,0.1814022958278656
770,0.1261010766029358
771,0.1071687564253807
772,0.09819848090410233
773,0.10857242345809937
774,0.13136181235313416
775,0.10727066546678543
776,0.07423316687345505
777,0.07033143192529678
778,0.1016482412815094
779,0.13881616294384003
780,0.15535730123519897
781,0.11909255385398865
782,0.09183607995510101
783,0.11086343228816986
784,0.10146087408065796
785,0.09898579120635986
786,0.11925319582223892
787,0.08762020617723465
788,0.19784587621688843
789,0.27970972657203674
790,0.28367114067077637
791,0.12330325692892075
792,0.12329664826393127
793,0.09401814639568329
794,0.11730027943849564
795,0.0853656753897667
796,0.12121159583330154
797,0.07852579653263092
798,0.10389259457588196
799,0.139481782913208
800,0.09660705924034119
801,0.13680310547351837
802,0.10983416438102722
803,0.13192448019981384
804,0.1551893949508667
805,0.14740155637264252
806,0.1900469958782196
807,0.1522866189479828
808,0.2264116108417511
809,0.1853717714548111
810,0.1850961297750473
811,0.11642542481422424
812,0.10732588917016983
813,0.13200271129608154
814,0.17020122706890106
815,0.14376387000083923
816,0.10527961701154709
817,0.11274342983961105
818,0.10273604840040207
819,0.11362917721271515
820,0.09551087766885757
821,0.14898507297039032
822,0.13917149603366852
823,0.1644122302532196
824,0.15743650496006012
825,0.1343764364719391
826,0.18146279454231262
827,0.1490696370601654
828,0.21868975460529327
829,0.16107890009880066
830,0.16497233510017395
831,0.1469080150127411
832,0.1341884881258011
833,0.14166568219661713
834,0.1642652302980423
835,0.15640957653522491
836,0.1608087718486786
837,0.11695101857185364
838,0.12872116267681122
839,0.17457571625709534
840,0.18482430279254913
841,0.21355457603931427
842,0.17027975618839264
843,0.12755976617336273
844,0.18011374771595
845,0.19340600073337555
846,0.17569537460803986
847,0.1737087517976761
848,0.21096278727054596
849,0.17755882441997528
850,0.15597788989543915
851,0.11855762451887131
852,0.17827452719211578
853,0.1934429407119751
854,0.2183656394481659
855,0.250934362411499
856,0.3147033154964447
857,0.24874277412891388
858,0.3081102967262268
859,0.3556157350540161
860,0.34486907720565796
861,0.2163253277540207
862,0.11937100440263748
863,0.19663149118423462
864,0.1324775367975235
865,0.13118289411067963
866,0.1430324763059616
867,0.09662295877933502
868,0.19279761612415314
869,0.1962652951478958
870,0.16405576467514038
871,0.11659294366836548
872,0.1580887883901596
873,0.18105803430080414
874,0.19657516479492188
875,0.19942300021648407
876,0.2435307502746582
877,0.16213375329971313
878,0.20643509924411774
879,0.24595390260219574
880,0.2088979035615921
881,0.22460120916366577
882,0.1643516570329666
883,0.1911023110151291
884,0.21922583878040314
885,0.24400997161865234
886,0.19442561268806458
887,0.2344067245721817
888,0.20229332149028778
889,0.2433067113161087
890,0.2180681675672531
891,0.1254456341266632
892,0.12447282671928406
893,0.12430726736783981
894,0.12000004202127457
895,0.1053229570388794
896,0.14495617151260376
897,0.09650032222270966
898,0.1123041883111
899,0.15592710673809052
900,0.09207450598478317
901,0.11578961461782455
902,0.09288240969181061
903,0.09633582085371017
904,0.11298666894435883
905,0.11145368218421936
906,0.17945297062397003
907,0.16631384193897247
908,0.21335048973560333
909,0.19671183824539185
910,0.1747889369726181
911,0.137453094124794
912,0.11990395188331604
913,0.10302715748548508
914,0.1302647888660431
915,0.12452968955039978
916,0.12112339586019516
917,0.12513746321201324
918,0.13999302685260773
919,0.16616715490818024
920,0.12795652449131012
921,0.17781996726989746
922,0.08446649461984634
923,0.10474121570587158
924,0.08907624334096909
925,0.09879302978515625
926,0.0767483115196228
927,0.11371946334838867
928,0.177584707736969
929,0.17215852439403534
930,0.127623051404953
931,0.13157300651073456
932,0.14851129055023193
933,0.15718230605125427
934,0.15200020372867584
935,0.11989449709653854
936,0.10857762396335602
937,0.08002631366252899
938,0.08053556829690933
939,0.1232232078909874
940,0.1322908252477646
941,0.1448642611503601
942,0.0833054855465889
943,0.08967812359333038
944,0.08423248678445816
945,0.12606187164783478
946,0.12645091116428375
947,0.14300347864627838
948,0.19232992827892303
949,0.183620423078537
950,0.1368381530046463
951,0.10306113958358765
952,0.09133513271808624
953,0.10349742323160172
954,0.1160627081990242
955,0.09412088245153427
956,0.1280897706747055
957,0.08887845277786255
958,0.11766620725393295
959,0.1552559733390808
960,0.13205815851688385
961,0.14911764860153198
962,0.1065007671713829
963,0.09992260485887527
964,0.12959463894367218
965,0.1365000307559967
966,0.13076651096343994
967,0.1529831886291504
968,0.20813089609146118
969,0.25055402517318726
970,0.22066810727119446
971,0.1947246491909027
972,0.14533333480358124
973,0.14883208274841309
974,0.17060138285160065
975,0.13475647568702698
976,0.09595987945795059
977,0.1196485087275505
978,0.12679705023765564
979,0.09357582777738571
980,0.0695280060172081
981,0.12046816200017929
982,0.06663710623979568
983,0.08398142457008362
984,0.09205787628889084
985,0.12315471470355988
986,0.16698871552944183
987,0.18776747584342957
988,0.13777145743370056
989,0.12263420224189758
990,0.14212395250797272
991,0.10066810250282288
992,0.10631335526704788
993,0.10045730322599411
994,0.11079506576061249
995,0.11872917413711548
996,0.16799689829349518
997,0.10896048694849014
998,0.14375285804271698
999,0.2058500051498413
1000,0.19829799234867096
1001,0.19665472209453583
1002,0.1520659625530243
1003,0.20246928930282593
1004,0.21215736865997314
1005,0.25212228298187256
1006,0.2679186165332794
1007,0.2763083577156067
1008,0.2744428515434265
1009,0.23099976778030396
1010,0.16866788268089294
1011,0.11333651840686798
1012,0.11599387228488922
1013,0.0862063467502594
1014,0.08881174027919769
1015,0.0979446992278099
1016,0.06648368388414383
1017,0.05453893169760704
1018,0.08353368937969208
1019,0.11526583880186081
1020,0.0928620845079422
1021,0.0887378454208374
1022,0.07107110321521759
1023,0.09483791887760162
1024,0.10264968127012253
1025,0.1039411872625351
1026,0.0900891125202179
1027,0.14652033150196075
1028,0.21718908846378326
1029,0.21843357384204865
1030,0.16786479949951172
1031,0.13262131810188293
1032,0.09370211511850357
1033,0.08940766751766205
1034,0.13435311615467072
1035,0.14341877400875092
1036,0.09513968974351883
1037,0.10584331303834915
1038,0.11827460676431656
1039,0.15457551181316376
1040,0.1323937624692917
1041,0.09996335953474045
1042,0.08047649264335632
1043,0.08161696046590805
1044,0.09999389201402664
1045,0.09655740112066269
1046,0.1451830416917801
1047,0.1513756364583969
1048,0.18827848136425018
1049,0.21133366227149963
1050,0.18474219739437103
1051,0.11360324174165726
1052,0.17306363582611084
1053,0.22176334261894226
1054,0.238305926322937
1055,0.2881639897823334
1056,0.3492072522640228
1057,0.2734335660934448
1058,0.30540865659713745
1059,0.31981319189071655
1060,0.27178099751472473
1061,0.15509124100208282
1062,0.11648931354284286
1063,0.10616268962621689
1064,0.11575402319431305
1065,0.12287353724241257
1066,0.13662683963775635
1067,0.17128969728946686
1068,0.19389905035495758
1069,0.15154092013835907
1070,0.1043294295668602
1071,0.08366516977548599
1072,0.11414645612239838
1073,0.10971103608608246
1074,0.11289717257022858
1075,0.11577131599187851
1076,0.15309761464595795
1077,0.13670049607753754
1078,0.14522458612918854
1079,0.17875024676322937
1080,0.15046030282974243
1081,0.07248363643884659
1082,0.07928358018398285
1083,0.10621794313192368
1084,0.13161760568618774
1085,0.14051535725593567
1086,0.11493793874979019
1087,0.08461134135723114
1088,0.1452062875032425
1089,0.16627594828605652
1090,0.1491711586713791
1091,0.11870259046554565
1092,0.10165233910083771
1093,0.10156653821468353
1094,0.11924619972705841
1095,0.10092800110578537
1096,0.09770777821540833
1097,0.09913469851016998
1098,0.12223665416240692
1099,0.17277827858924866
1100,0.1459452509880066
1101,0.08811510354280472
1102,0.110201895236969
1103,0.12593217194080353
1104,0.1486552506685257
1105,0.16807959973812103
1106,0.17389369010925293
1107,0.08761128038167953
1108,0.1567428708076477
1109,0.1487921178340912
1110,0.09680832177400589
1111,0.06023922190070152
1112,0.07320663332939148
1113,0.07195756584405899
1114,0.09058497846126556
1115,0.09849292784929276
1116,0.11646779626607895
1117,0.11509787291288376
1118,0.14099998772144318
1119,0.15845058858394623
1120,0.11103402078151703
1121,0.14885586500167847
1122,0.23929645121097565
1123,0.10563655197620392
1124,0.1067262664437294
1125,0.1108151525259018
1126,0.14267180860042572
1127,0.1543455570936203
1128,0.1674983948469162
1129,0.1345156878232956
1130,0.1643105000257492
1131,0.08162891119718552
1132,0.09401021897792816
1133,0.10734780132770538
1134,0.10150671005249023
1135,0.10201885551214218
1136,0.13352152705192566
1137,0.11476332694292068
1138,0.13787490129470825
1139,0.1901809722185135
1140,0.17440499365329742
1141,0.14026904106140137
1142,0.10965913534164429
1143,0.10845378041267395
1144,0.24357998371124268
1145,0.11485744267702103
1146,0.14738979935646057
1147,0.1381346434354782
1148,0.26466619968414307
1149,0.2876039147377014
1150,0.2557740807533264
1151,0.1513645350933075
1152,0.09453780204057693
1153,0.1035790890455246
1154,0.11848705261945724
1155,0.11117122322320938
1156,0.10040464997291565
1157,0.10322068631649017
1158,0.09641529619693756
1159,0.13316014409065247
1160,0.1126292496919632
1161,0.08616730570793152
1162,0.059503499418497086
1163,0.07068660110235214
1164,0.07618320733308792
1165,0.08614793419837952
1166,0.09349485486745834
1167,0.13155217468738556
1168,0.2152869701385498
1169,0.20941315591335297
1170,0.17893563210964203
1171,0.13684622943401337
1172,0.08702228218317032
1173,0.07609881460666656
1174,0.0926806777715683
1175,0.10214439779520035
1176,0.09207276254892349
1177,0.1023942306637764
1178,0.06988632678985596
1179,0.10783454030752182
1180,0.08458089083433151
1181,0.0800124779343605
1182,0.09628067910671234
1183,0.07801802456378937
1184,0.08560293167829514
1185,0.07679169625043869
1186,0.1222040131688118
1187,0.1808403730392456
1188,0.1808737814426422
1189,0.14546731114387512
1190,0.11546552181243896
1191,0.15321949124336243
1192,0.15542571246623993
1193,0.16362856328487396
1194,0.17773102223873138
1195,0.2009311318397522
1196,0.16504999995231628
1197,0.16013137996196747
1198,0.14854343235492706
1199,0.11368565261363983
1200,0.07626903057098389
1201,0.10485498607158661
1202,0.12910716235637665
1203,0.15660202503204346
1204,0.17357730865478516
1205,0.17977578938007355
1206,0.1744891107082367
1207,0.15356941521167755
1208,0.2799737751483917
1209,0.3121177852153778
1210,0.25558316707611084
1211,0.1547442525625229
1212,0.12626531720161438
1213,0.12624983489513397
1214,0.13412542641162872
1215,0.1281130164861679
1216,0.10113698244094849
1217,0.11351604014635086
1218,0.11540478467941284
1219,0.13005582988262177
1220,0.12225722521543503
1221,0.09547800570726395
1222,0.07861555367708206
1223,0.08758563548326492
1224,0.09616563469171524
1225,0.08872698247432709
1226,0.08204499632120132
1227,0.0971018373966217
1228,0.1265546679496765
1229,0.13265560567378998
1230,0.10832579433917999
1231,0.1153104305267334
1232,0.10547968000173569
1233,0.09790456295013428
1234,0.12762202322483063
1235,0.14164307713508606
1236,0.10709328204393387
1237,0.11504653841257095
1238,0.15237464010715485
1239,0.1341690868139267
1240,0.11947476118803024
1241,0.07828522473573685
1242,0.08949854224920273
1243,0.08692748099565506
1244,0.08140227943658829
1245,0.08073985576629639
1246,0.057122766971588135
1247,0.05820118635892868
1248,0.08697406947612762
1249,0.08244416117668152
1250,0.0792362317442894
1251,0.04548687860369682
1252,0.05138442665338516
1253,0.06693416833877563
1254,0.08649811893701553
1255,0.10584387183189392
1256,0.10760130733251572
1257,0.11420364677906036
1258,0.0945621058344841
1259,0.107419453561306
1260,0.06635130196809769
1261,0.06502901762723923
1262,0.09288757294416428
1263,0.11343295872211456
1264,0.11904904991388321
1265,0.13201768696308136
1266,0.13431048393249512
1267,0.12638896703720093
1268,0.1904902160167694
1269,0.19483090937137604
1270,0.16478212177753448
1271,0.10128586739301682
1272,0.0844341367483139
1273,0.06693603843450546
1274,0.07754205912351608
1275,0.0916837677359581
1276,0.06584170460700989
1277,0.05908794328570366
1278,0.04895566776394844
1279,0.09113042801618576
1280,0.09034638106822968
1281,0.06543383747339249
1282,0.07001608610153198
1283,0.07752203196287155
1284,0.08119146525859833
1285,0.08206680417060852
1286,0.05775744095444679
1287,0.04987960681319237
1288,0.10037161409854889
1289,0.12389075756072998
1290,0.11598935723304749
1291,0.07091683149337769
1292,0.0822191834449768
1293,0.09095186740159988
1294,0.1061195582151413
1295,0.10582297295331955
1296,0.09965218603610992
1297,0.08367100358009338
1298,0.09834308177232742
1299,0.12103008478879929
1300,0.10136880725622177
1301,0.1070515438914299
1302,0.09816063940525055
1303,0.09206262230873108
1304,0.09039200097322464
1305,0.09620136022567749
1306,0.08498988300561905
1307,0.06395266205072403
1308,0.11357804387807846
1309,0.13051776587963104
1310,0.11274966597557068
1311,0.1288142204284668
1312,0.1236325204372406
1313,0.1408236175775528
1314,0.1612296998500824
1315,0.16190065443515778
1316,0.12726636230945587
1317,0.1312652826309204
1318,0.1263924241065979
1319,0.12323970347642899
1320,0.10444582253694534
1321,0.11671485006809235
1322,0.14414897561073303
1323,0.16705787181854248
1324,0.16658708453178406
1325,0.16623617708683014
1326,0.16651181876659393
1327,0.10278881341218948
1328,0.1486838012933731
1329,0.1665193885564804
1330,0.14058347046375275
1331,0.09795387089252472
1332,0.07236871868371964
1333,0.07050333172082901
1334,0.10083901882171631
1335,0.13099762797355652
1336,0.12429587543010712
1337,0.13666993379592896
1338,0.12392894923686981
1339,0.09198461472988129
1340,0.07473789155483246
1341,0.07823999226093292
1342,0.09569215774536133
1343,0.09040477871894836
1344,0.09310077875852585
1345,0.09489961713552475
1346,0.07441253215074539
1347,0.058982230722904205
1348,0.07460177689790726
1349,0.07512176036834717
1350,0.07448148727416992
1351,0.06305640935897827
1352,0.05564849451184273
1353,0.06795426458120346
1354,0.09576265513896942
1355,0.11217544972896576
1356,0.0935962125658989
1357,0.10805502533912659
1358,0.10866253823041916
1359,0.10344494879245758
1360,0.08992284536361694
1361,0.06644877046346664
1362,0.0690624862909317
1363,0.0757971927523613
1364,0.0762065127491951
1365,0.08145064115524292
1366,0.08684758096933365
1367,0.09720569103956223
1368,0.13903549313545227
1369,0.12078612297773361
1370,0.10536865890026093
1371,0.09198404103517532
1372,0.07577627152204514
1373,0.051740530878305435
1374,0.06487832963466644
1375,0.0853075236082077
1376,0.0961274579167366
1377,0.10668241232633591
1378,0.09889153391122818
1379,0.12260448187589645
1380,0.1024739146232605
1381,0.06693962961435318
1382,0.0745554193854332
1383,0.07880070805549622
1384,0.07923606783151627
1385,0.06858788430690765
1386,0.0686383992433548
1387,0.08310763537883759
1388,0.09821873158216476
1389,0.09237877279520035
1390,0.07576832175254822
1391,0.09537630528211594
1392,0.0857406035065651
1393,0.10094033181667328
1394,0.11902599036693573
1395,0.1247430071234703
1396,0.10034527629613876
1397,0.11007320880889893
1398,0.08823338150978088
1399,0.08507690578699112
1400,0.06373518705368042
1401,0.10592015087604523
1402,0.0921982079744339
1403,0.07702575623989105
1404,0.07887721806764603
1405,0.0956527590751648
1406,0.09040120989084244
1407,0.10113312304019928
1408,0.13724900782108307
1409,0.1115182563662529
1410,0.11688800901174545
1411,0.07462998479604721
1412,0.056474752724170685
1413,0.0695779100060463
1414,0.07696884870529175
1415,0.07737253606319427
1416,0.08303844183683395
1417,0.07582539319992065
1418,0.10133804380893707
1419,0.15352337062358856
1420,0.12256397306919098
1421,0.0673859491944313
1422,0.06436244398355484
1423,0.08807706832885742
1424,0.10390350222587585
1425,0.09651800245046616
1426,0.1176404133439064
1427,0.11501912027597427
1428,0.10603509098291397
1429,0.08518558740615845
1430,0.08119642734527588
1431,0.12623010575771332
1432,0.12475138902664185
1433,0.13556405901908875
1434,0.172933891415596
1435,0.18239670991897583
1436,0.16843320429325104
1437,0.1751762479543686
1438,0.11485771834850311
1439,0.11447328329086304
1440,0.08579237014055252
1441,0.10938438773155212
1442,0.1140260174870491
1443,0.10671495646238327
1444,0.10891225188970566
1445,0.11294634640216827
1446,0.11252596229314804
1447,0.11745628714561462
1448,0.13918113708496094
1449,0.10809879004955292
1450,0.09982024133205414
1451,0.07988615334033966
1452,0.06327708065509796
1453,0.07478296011686325
1454,0.1052112802863121
1455,0.1202794685959816
1456,0.12985219061374664
1457,0.14144153892993927
1458,0.1435152143239975
1459,0.14021055400371552
1460,0.13570131361484528
1461,0.10742193460464478
1462,0.1130814403295517
1463,0.11790420114994049
1464,0.11127907037734985
1465,0.10066847503185272
1466,0.10577399283647537
1467,0.09083100408315659
1468,0.1546797752380371
1469,0.14800183475017548
1470,0.12721508741378784
1471,0.08001500368118286
1472,0.06432037055492401
1473,0.06404232978820801
1474,0.07927514612674713
1475,0.09967231005430222
1476,0.09891129285097122
1477,0.11227050423622131
1478,0.08984002470970154
1479,0.10493045300245285
1480,0.07474051415920258
1481,0.12311922758817673
1482,0.10668765008449554
1483,0.08716431260108948
1484,0.08724605292081833
1485,0.0868782326579094
1486,0.07959391921758652
1487,0.08198882639408112
1488,0.10353399068117142
1489,0.09671325981616974
1490,0.09174460172653198
1491,0.09896846860647202
1492,0.09038287401199341
1493,0.10906829684972763
1494,0.15697596967220306
1495,0.19830594956874847
1496,0.2229178249835968
1497,0.23243774473667145
1498,0.20531342923641205
1499,0.1997837871313095
1500,0.13858044147491455
1501,0.08286642283201218
1502,0.11226540058851242
1503,0.14764843881130219
1504,0.15035124123096466
1505,0.1356208175420761
1506,0.1450674831867218
1507,0.11088418960571289
1508,0.1558934450149536
1509,0.20104336738586426
1510,0.20336835086345673
1511,0.12114392220973969
1512,0.09964504092931747
1513,0.08626431971788406
1514,0.09251458197832108
1515,0.08612676709890366
1516,0.06321396678686142
1517,0.054370198398828506
1518,0.07027381658554077
1519,0.09535764902830124
1520,0.061165351420640945
1521,0.07907276600599289
1522,0.10912250727415085
1523,0.13186131417751312
1524,0.14700570702552795
1525,0.14099335670471191
1526,0.14818571507930756
1527,0.08196820318698883
1528,0.1387529820203781
1529,0.1607736051082611
1530,0.15142656862735748
1531,0.11168090254068375
1532,0.0883638858795166
1533,0.0887082889676094
1534,0.10928894579410553
1535,0.09773076325654984
1536,0.06285595893859863
1537,0.06670450419187546
1538,0.07457459717988968
1539,0.10555054247379303
1540,0.10451370477676392
1541,0.08113750070333481
1542,0.06932394206523895
1543,0.06587940454483032
1544,0.06234009191393852
1545,0.05598794296383858
1546,0.06485291570425034
1547,0.08384815603494644
1548,0.11041700839996338
1549,0.08214438706636429
1550,0.08926776051521301
1551,0.14487305283546448
1552,0.13988639414310455
1553,0.1637648642063141
1554,0.18409858644008636
1555,0.16726171970367432
1556,0.10623470693826675
1557,0.08047695457935333
1558,0.06843793392181396
1559,0.06469042599201202
1560,0.0413568951189518
1561,0.08503489196300507
1562,0.09110456705093384
1563,0.08229263126850128
1564,0.07349759340286255
1565,0.06862112134695053
1566,0.0631411150097847
1567,0.0723932534456253
1568,0.09441910684108734
1569,0.09484875947237015
1570,0.08209717273712158
1571,0.1085534393787384
1572,0.11965032666921616
1573,0.13325953483581543
1574,0.15514437854290009
1575,0.15311230719089508
1576,0.14503411948680878
1577,0.14134648442268372
1578,0.13836166262626648
1579,0.17093485593795776
1580,0.14795361459255219
1581,0.11734211444854736
1582,0.11537966877222061
1583,0.09866924583911896
1584,0.12191332131624222
1585,0.13518482446670532
1586,0.1409602165222168
1587,0.1459854245185852
1588,0.14738290011882782
1589,0.11629816144704819
1590,0.1072017177939415
1591,0.07242747396230698
1592,0.0658351480960846
1593,0.07269368320703506
1594,0.10441581904888153
1595,0.1070278212428093
1596,0.06765839457511902
1597,0.07316206395626068
1598,0.0757162794470787
1599,0.10210126638412476
1600,0.10836739093065262
1601,0.09309544414281845
1602,0.09962757676839828
1603,0.10101984441280365
1604,0.11810173839330673
1605,0.12837491929531097
1606,0.1419377624988556
1607,0.15845510363578796
1608,0.14707528054714203
1609,0.1001681461930275
1610,0.07834311574697495
1611,0.06531097739934921
1612,0.06416599452495575
1613,0.0694289579987526
1614,0.09064433723688126
1615,0.09588558226823807
1616,0.08253952860832214
1617,0.07663527876138687
1618,0.05494730919599533
1619,0.06468312442302704
1620,0.04512298107147217
1621,0.06911779195070267
1622,0.07466523349285126
1623,0.07619012147188187
1624,0.07290876656770706
1625,0.06496749073266983
1626,0.063044972717762
1627,0.05315173417329788
1628,0.10753695666790009
1629,0.18405219912528992
1630,0.18121327459812164
1631,0.09650450199842453
1632,0.07246702909469604
1633,0.06283498555421829
1634,0.08507772535085678
1635,0.0807981863617897
1636,0.06236931309103966
1637,0.0701289027929306
1638,0.05018565058708191
1639,0.08742443472146988
1640,0.06474550068378448
1641,0.1413351595401764
1642,0.14818163216114044
1643,0.14866720139980316
1644,0.14892445504665375
1645,0.14171765744686127
1646,0.11997523903846741
1647,0.12605735659599304
1648,0.08579599112272263
1649,0.05683630332350731
1650,0.05895386263728142
1651,0.07844533026218414
1652,0.06419035792350769
1653,0.05563677102327347
1654,0.06255645304918289
1655,0.05275967717170715
1656,0.07755102217197418
1657,0.07104003429412842
1658,0.07581381499767303
1659,0.10793830454349518
1660,0.09417974948883057
1661,0.08222442120313644
1662,0.07825727015733719
1663,0.08092103153467178
1664,0.08060543239116669
1665,0.08314497768878937
1666,0.09387461096048355
1667,0.11132252216339111
1668,0.10447236150503159
1669,0.07291143387556076
1670,0.07027747482061386
1671,0.05834779888391495
1672,0.04577924311161041
1673,0.04981708899140358
1674,0.0720369964838028
1675,0.07509523630142212
1676,0.09099660813808441
1677,0.10330964624881744
1678,0.07763487100601196
1679,0.10228557884693146
1680,0.08852043002843857
1681,0.06281360238790512
1682,0.09544623643159866
1683,0.07227259129285812
1684,0.06251954287290573
1685,0.049790672957897186
1686,0.05211646854877472
1687,0.0396386943757534
1688,0.09815244376659393
1689,0.14315958321094513
1690,0.12818530201911926
1691,0.07246465981006622
1692,0.07988516986370087
1693,0.07948822528123856
1694,0.08669939637184143
1695,0.07429250329732895
1696,0.07018805295228958
1697,0.06762600690126419
1698,0.07172178477048874
1699,0.08323565125465393
1700,0.07011298835277557
1701,0.10856620967388153
1702,0.10637583583593369
1703,0.10007788985967636
1704,0.11787910014390945
1705,0.13446743786334991
1706,0.13216781616210938
1707,0.15235663950443268
1708,0.12699595093727112
1709,0.07276196032762527
1710,0.07493074238300323
1711,0.08844800293445587
1712,0.09680813550949097
1713,0.08389750868082047
1714,0.08352715522050858
1715,0.06221867352724075
1716,0.0657009556889534
1717,0.07050292938947678
1718,0.1035994365811348
1719,0.13219156861305237
1720,0.13788866996765137
1721,0.07504528760910034
1722,0.08986623585224152
1723,0.09645941853523254
1724,0.06576427817344666
1725,0.04221632704138756
1726,0.03146954998373985
1727,0.054512109607458115
1728,0.07558221369981766
1729,0.06888038665056229
1730,0.0760846957564354
1731,0.04240582510828972
1732,0.06210455298423767
1733,0.07853670418262482
1734,0.07897774130105972
1735,0.06450863927602768
1736,0.07146159559488297
1737,0.0914965271949768
1738,0.08092395216226578
1739,0.08027757704257965
1740,0.06708808243274689
1741,0.1419544368982315
1742,0.12205728888511658
1743,0.11885720491409302
1744,0.09965603798627853
1745,0.08483688533306122
1746,0.08615772426128387
1747,0.07972824573516846
1748,0.09924276173114777
1749,0.14635609090328217
1750,0.15163195133209229
1751,0.10399145632982254
1752,0.08205142617225647
1753,0.08279833197593689
1754,0.10827304422855377
1755,0.1112375482916832
1756,0.1369369626045227
1757,0.13188740611076355
1758,0.10981840640306473
1759,0.1376338005065918
1760,0.10941503196954727
1761,0.05018848553299904
1762,0.11029086261987686
1763,0.07978563755750656
1764,0.0835132747888565
1765,0.043877437710762024
1766,0.07253709435462952
1767,0.09235430508852005
1768,0.0805228129029274
1769,0.06028438359498978
1770,0.06604490429162979
1771,0.05776972696185112
1772,0.07511014491319656
1773,0.08278568834066391
1774,0.09215554594993591
1775,0.07355016469955444
1776,0.06745447963476181
1777,0.08213965594768524
1778,0.09316764026880264
1779,0.10165795683860779
1780,0.09968280047178268
1781,0.13009440898895264
1782,0.20551250874996185
1783,0.21346323192119598
1784,0.1987234205007553
1785,0.1832454353570938
1786,0.21150074899196625
1787,0.15871578454971313
1788,0.2031213641166687
1789,0.2304420918226242
1790,0.2175692468881607
1791,0.13630330562591553
1792,0.1161341443657875
1793,0.11848030239343643
1794,0.1397782564163208
1795,0.15197476744651794
1796,0.15967105329036713
1797,0.15773309767246246
1798,0.14526961743831635
1799,0.15338626503944397
1800,0.12681670486927032
1801,0.06394963711500168
1802,0.06622450798749924
1803,0.05979017913341522
1804,0.06328369677066803
1805,0.0803488940000534
1806,0.09662356972694397
1807,0.10529573261737823
1808,0.1201939582824707
1809,0.08180055767297745
1810,0.08464121073484421
1811,0.06769399344921112
1812,0.07107911258935928
1813,0.07675372809171677
1814,0.07181854546070099
1815,0.06364254653453827
1816,0.06784914433956146
1817,0.08284851908683777
1818,0.06851284205913544
1819,0.06751252710819244
1820,0.07064329087734222
1821,0.08732928335666656
1822,0.11545912176370621
1823,0.12386757880449295
1824,0.1019815132021904
1825,0.07656929641962051
1826,0.07600215822458267
1827,0.059344951063394547
1828,0.07444841414690018
1829,0.09152039140462875
1830,0.08871941268444061
1831,0.0775441899895668
1832,0.05710379406809807
1833,0.06596270948648453
1834,0.07833091914653778
1835,0.10643213987350464
1836,0.12514974176883698
1837,0.14639617502689362
1838,0.13550125062465668
1839,0.13189759850502014
1840,0.1230309009552002
1841,0.06974790245294571
1842,0.09445516020059586
1843,0.1131991446018219
1844,0.1375139206647873
1845,0.17989645898342133
1846,0.20954924821853638
1847,0.23472875356674194
1848,0.24121449887752533
1849,0.2010253369808197
1850,0.15776439011096954
1851,0.07544004172086716
1852,0.059356849640607834
1853,0.05384986847639084
1854,0.06874601542949677
1855,0.07339511066675186
1856,0.07909602671861649
1857,0.09284738451242447
1858,0.09093843400478363
1859,0.09092030674219131
1860,0.10578927397727966
1861,0.09979687631130219
1862,0.15103843808174133
1863,0.10517769306898117
1864,0.14115329086780548
1865,0.16206030547618866
1866,0.20843608677387238
1867,0.21846334636211395
1868,0.20153102278709412
1869,0.16751882433891296
1870,0.12969250977039337
1871,0.064848393201828
1872,0.06461343914270401
1873,0.059739235788583755
1874,0.06144532561302185
1875,0.06515993177890778
1876,0.0712873563170433
1877,0.08706843852996826
1878,0.09375163912773132
1879,0.07893429696559906
1880,0.09623075276613235
1881,0.04613291844725609
1882,0.0560637004673481
1883,0.052505090832710266
1884,0.05118776112794876
1885,0.0813283771276474
1886,0.1063000038266182
1887,0.13308407366275787
1888,0.13436955213546753
1889,0.11200810968875885
1890,0.10528533160686493
1891,0.05894327908754349
1892,0.06297731399536133
1893,0.06396620720624924
1894,0.07085347175598145
1895,0.0604826845228672
1896,0.042606230825185776
1897,0.04879370704293251
1898,0.0489199124276638
1899,0.06745240092277527
1900,0.06756509840488434
1901,0.07382406294345856
1902,0.0655621886253357
1903,0.05364108830690384
1904,0.07011588662862778
1905,0.11107859015464783
1906,0.13279153406620026
1907,0.14513394236564636
1908,0.12225567549467087
1909,0.10832399874925613
1910,0.09734247624874115
1911,0.07988820225000381
1912,0.0566415973007679
1913,0.06750540435314178
1914,0.08358436077833176
1915,0.08193065971136093
1916,0.065562404692173
1917,0.058334000408649445
1918,0.045980729162693024
1919,0.05842086300253868
1920,0.058084264397621155
1921,0.1773945391178131
1922,0.11226993799209595
1923,0.09322869032621384
1924,0.1008671447634697
1925,0.10291323810815811
1926,0.10235363990068436
1927,0.08745019882917404
1928,0.07704280316829681
1929,0.08664920926094055
1930,0.09592492133378983
1931,0.09668534994125366
1932,0.08222740143537521
1933,0.07831931859254837
1934,0.08767399191856384
1935,0.08686267584562302
1936,0.08104941993951797
1937,0.07959546893835068
1938,0.07560913264751434
1939,0.07442394644021988
1940,0.09322549402713776
1941,0.04145541042089462
1942,0.049815818667411804
1943,0.054519593715667725
1944,0.04624607786536217
1945,0.03141987323760986
1946,0.050929125398397446
1947,0.06516583263874054
1948,0.056615862995386124
1949,0.03580161929130554
1950,0.05640863627195358
1951,0.06437252461910248
1952,0.08259329944849014
1953,0.0933927521109581
1954,0.10096462070941925
1955,0.0974537804722786
1956,0.11305767297744751
1957,0.0930793434381485
1958,0.11607781797647476
1959,0.12652592360973358
1960,0.12960809469223022
1961,0.04889729991555214
1962,0.07097931206226349
1963,0.12114839255809784
1964,0.13282738626003265
1965,0.10663685202598572
1966,0.09688247740268707
1967,0.05998086556792259
1968,0.06902879476547241
1969,0.08048082143068314
1970,0.09032104909420013
1971,0.05642789602279663
1972,0.04571565240621567
1973,0.05191951245069504
1974,0.06692009419202805
1975,0.08857808262109756
1976,0.09790483862161636
1977,0.09122053533792496
1978,0.06998182833194733
1979,0.07370930910110474
1980,0.05106254294514656
1981,0.17476968467235565
1982,0.08298148214817047
1983,0.06765583902597427
1984,0.07313672453165054
1985,0.09364480525255203
1986,0.11512929946184158
1987,0.14192727208137512
1988,0.14075355231761932
1989,0.10872384905815125
1990,0.11383213102817535
1991,0.04245089739561081
1992,0.035914309322834015
1993,0.04946242645382881
1994,0.07353921979665756
1995,0.09425409883260727
1996,0.10405062139034271
1997,0.1107485368847847
1998,0.07747697085142136
1999,0.06122318655252457
2000,0.0518646314740181
